the ,774
to ,621
and ,468
you ,389
a ,387
of ,380
that ,323
i ,311
in ,268
we ,245
is ,237
have ,216
it ,153
on ,145
not ,138
for ,131
-- ,131
he ,131
this ,127
are ,111
what ,103
was ,102
be ,102
going ,101
dickerson: ,99
our ,99
with ,97
people ,95
but ,90
do ,89
they ,88
trump: ,83
would ,82
about ,77
want ,76
who ,74
it's ,72
all ,70
as ,69
if ,68
bush: ,68
(applause) ,65
will ,63
when ,61
so ,59
i'm ,58
my ,58
just ,57
we're ,57
your ,56
don't ,55
get ,52
that's ,52
... ,51
because ,50
me ,49
can ,49
by ,49
think ,47
has ,47
an ,47
need ,47
cruz: ,46
his ,45
president ,44
been ,44
one ,43
at ,43
very ,43
were ,41
said ,40
make ,40
from ,39
let ,38
there ,37
like ,37
now, ,36
now ,36
out ,36
first ,35
or ,35
governor ,35
know ,35
you're ,34
well, ,34
their ,34
should ,34
country ,33
no ,33
go ,33
tax ,33
tell ,32
right ,32
senator ,32
say ,30
they're ,30
had ,29
know, ,29
got ,28
take ,28
where ,28
us ,28
did ,27
it. ,27
back ,27
how ,26
question ,26
up ,26
rubio: ,26
them ,25
didn't ,25
ask ,25
those ,24
we've ,24
i've ,24
garrett: ,23
south ,23
mr. ,22
look ,22
here ,21
only ,21
kasich: ,21
justice ,21
see ,21
that. ,21
great ,21
why ,21
supreme ,21
things ,20
thank ,20
come ,20
some ,20
immigration ,20
could ,20
these ,19
most ,19
economic ,19
(crosstalk) ,19
over ,18
you. ,18
you, ,18
into ,18
dr. ,17
and, ,17
down ,17
than ,17
strassel: ,17
all, ,17
president, ,17
never ,16
right. ,16
after ,16
said, ,16
so, ,16
time ,16
years ,16
care ,16
being ,16
world ,16
two ,16
court ,16
american ,16
that, ,16
something ,16
doesn't ,16
does ,16
then ,15
more ,15
republican ,15
fact ,15
new ,14
country. ,14
everybody ,14
talk ,14
i'll ,14
also ,14
illegal ,14
able ,14
made ,14
every ,13
way ,13
trump, ,13
can't ,13
someone ,13
you've ,13
really ,13
obama ,13
people. ,13
barack ,13
united ,13
carson, ,13
carson: ,13
which ,13
under ,12
me. ,12
work ,12
keep ,12
trump ,12
million ,12
lot ,12
pay ,12
put ,12
him ,12
big ,12
next ,12
ronald ,12
look, ,12
state ,12
off ,12
this. ,12
percent ,12
me, ,11
even ,11
give ,11
went ,11
john ,11
- ,11
three ,11
donald ,11
say, ,11
any ,11
america ,11
good ,11
jeb ,11
believe ,11
plan ,11
use ,11
doing ,11
we'll ,10
nominate ,10
talking ,10
social ,10
bush, ,10
security ,10
fight ,10
war ,10
constitution ,10
little ,10
trillion ,10
here's ,10
federal ,10
jobs ,10
many ,10
conservative ,10
money ,10
(bell ,10
everyone ,10
idea ,10
spent ,10
business ,10
private ,10
taking ,10
ringing) ,10
again. ,10
reagan ,9
hold ,9
is, ,9
question, ,9
left ,9
(laughter) ,9
dollars ,9
sure ,9
before ,9
comes ,9
middle ,9
him. ,9
states ,9
sense ,9
actually ,9
people, ,9
once ,9
appointed ,9
bring ,9
cruz, ,9
job ,9
am ,9
growth ,9
second ,8
thing ,8
scalia ,8
mean ,8
listen ,8
bush ,8
asked ,8
air ,8
governor. ,8
election ,8
working ,8
economy ,8
no, ,8
still ,8
amnesty ,8
taxes ,8
shouldn't ,8
but, ,8
americans ,8
george ,8
hillary ,8
carolina ,8
wasn't ,8
agree ,8
kasich, ,8
excuse ,8
coming ,8
it, ,8
somebody ,8
build ,8
around ,8
simple ,8
understand ,8
try ,8
president. ,8
washington ,8
fighting ,8
stage ,8
record ,8
four ,7
carolina. ,7
poverty ,7
call ,7
laid ,7
another ,7
matter ,7
folks ,7
bush. ,7
states. ,7
isis ,7
proven ,7
billion ,7
focus ,7
today ,7
wrong. ,7
he's ,7
vote ,7
russia ,7
ground ,7
same ,7
without ,7
isis. ,7
congress ,7
important ,7
ted ,7
eminent ,7
through ,7
clear ,7
both ,7
wouldn't ,7
there. ,7
create ,7
government ,7
used ,7
using ,7
marco ,7
question. ,7
run ,7
spending ,7
called ,7
problem. ,7
things. ,7
income ,7
back. ,7
came ,7
telling ,7
they've ,7
jump ,7
that? ,7
rubio, ,7
mentioned ,7
special ,7
florida ,7
attack ,7
ben ,7
debate ,7
cruz. ,7
gets ,7
other ,7
cruz ,7
five ,7
much ,7
what's ,7
today, ,6
military ,6
better ,6
free ,6
medicaid ,6
took ,6
do. ,6
frankly, ,6
stop ,6
republicans ,6
opportunity ,6
break) ,6
country, ,6
support ,6
senate ,6
flat ,6
supported ,6
brother ,6
guy ,6
here. ,6
here, ,6
live ,6
quickly, ,6
grow ,6
no. ,6
obviously, ,6
year ,6
turn ,6
anyone ,6
not. ,6
weapons ,6
way, ,6
case ,6
thinking ,6
children ,6
pass ,6
strong ,6
pushed ,6
plan. ,6
needs ,6
ok? ,6
it? ,6
(commercial ,6
issue ,6
major ,6
number ,6
wonderful ,6
part ,6
yeah, ,6
please ,6
point ,6
moving ,6
questions ,6
consensus ,6
troops ,6
long ,6
far ,6
safe. ,6
30 ,6
makes ,6
dad ,6
conservatives ,6
start ,6
eight ,6
you'll ,6
one. ,6
based ,6
national ,6
tremendous ,6
work. ,6
getting ,6
appoint ,6
ever ,5
campaign ,5
governor, ,5
obamacare, ,5
top ,5
tells ,5
enterprise ,5
proposed ,5
blue-collar ,5
them, ,5
away ,5
terms ,5
debt ,5
money, ,5
iraq ,5
life ,5
lift ,5
quote, ,5
programs ,5
taxes, ,5
ago, ,5
promised ,5
let's ,5
government. ,5
cost ,5
supporting ,5
may ,5
obama's ,5
half ,5
11 ,5
saw ,5
begin ,5
across ,5
ok, ,5
(inaudible) ,5
border. ,5
a.m. ,5
running ,5
isis, ,5
death ,5
reform ,5
legal ,5
power ,5
seconds ,5
stand ,5
cbs ,5
oh, ,5
mass ,5
program ,5
harry ,5
small ,5
iran ,5
situation ,5
pick ,5
family ,5
knows ,5
commander ,5
trade ,5
haven't ,5
hard ,5
carson ,5
grew ,5
understand, ,5
sometimes ,5
during ,5
threats ,5
rubio. ,5
political ,5
kurds ,5
real ,5
cut ,5
win ,5
(booing) ,5
assad ,5
35 ,5
presidents ,5
us. ,5
chief ,5
time, ,5
times ,5
exactly ,5
looked ,5
democrats ,5
candidates ,5
trump. ,5
wall ,5
against ,5
thought ,5
executive ,5
lost ,5
paying ,5
own ,5
this, ,5
problem ,5
stay ,5
up, ,4
carolina, ,4
expanded ,4
change. ,4
question... ,4
company. ,4
war, ,4
right, ,4
phone ,4
florida, ,4
wrong ,4
law ,4
parenthood. ,4
each ,4
abolishing ,4
days ,4
too ,4
strong. ,4
nominated ,4
wall. ,4
bad ,4
situation. ,4
w. ,4
planned ,4
now. ,4
you... ,4
justices ,4
obamacare ,4
brother. ,4
leave ,4
talked ,4
says ,4
learn ,4
address ,4
major, ,4
thousands ,4
greenville, ,4
watching ,4
on... ,4
man ,4
florida. ,4
record. ,4
policy ,4
happened ,4
increase ,4
growth, ,4
on, ,4
much. ,4
lie. ,4
scalia, ,4
hedge ,4
elected ,4
parking ,4
behind ,4
between ,4
liberal ,4
rebuild ,4
life, ,4
different ,4
week ,4
either ,4
leadership ,4
act ,4
syria. ,4
spirit ,4
perspective ,4
know? ,4
deal. ,4
debate. ,4
door ,4
nine ,4
help ,4
committee ,4
its ,4
ok. ,4
system. ,4
isn't ,4
house ,4
since ,4
mexico, ,4
feel ,4
family, ,4
$2 ,4
kind ,4
flexibility. ,4
common ,4
set ,4
years. ,4
last ,4
became ,4
else ,4
bill ,4
budget ,4
moment ,4
constitution. ,4
couple ,4
knock ,4
often ,4
absolutely ,4
example, ,4
anything ,4
clinton ,4
john, ,4
single ,4
i... ,4
capital ,4
led ,4
defeat ,4
reagan, ,4
allow ,4
move ,4
including ,4
80 ,4
time. ,4
supports ,4
weak ,4
trying ,4
hope ,4
policy, ,4
reid ,4
bought ,4
bit ,4
alright, ,4
respond. ,4
difficult ,4
tax. ,4
nation ,4
center ,4
well ,4
day ,4
ought ,4
sick ,4
mistake. ,4
leader ,4
biggest ,4
whether ,4
wish ,4
in, ,4
in. ,4
reform. ,3
child ,3
candidates, ,3
up. ,3
lord ,3
washington, ,3
today. ,3
companies ,3
leaders ,3
direct ,3
street ,3
china ,3
changed ,3
credit ,3
i'd ,3
changes ,3
gentleman, ,3
brought ,3
military, ,3
rights ,3
worse ,3
around. ,3
end ,3
amazing ,3
ordinary ,3
suggest ,3
then, ,3
iran. ,3
conditioners ,3
foundation ,3
love ,3
u.s. ,3
wanted ,3
go. ,3
senate, ,3
power, ,3
anybody ,3
seen ,3
responsible ,3
forces ,3
nobody ,3
principle ,3
saying ,3
judges ,3
nasty ,3
about. ,3
about, ,3
delay, ,3
situation, ,3
them. ,3
secretary ,3
hampshire, ,3
there's ,3
news ,3
candidate ,3
odds ,3
confronted ,3
money. ,3
trust ,3
speak ,3
seven ,3
confirmed ,3
evil ,3
kept ,3
office. ,3
east ,3
ago. ,3
fact, ,3
judge ,3
specific ,3
deal ,3
tonight, ,3
business. ,3
lied ,3
civil ,3
pays ,3
litmus ,3
negative ,3
what? ,3
balance. ,3
hear ,3
until ,3
test ,3
government, ,3
different. ,3
father ,3
solved ,3
iraq, ,3
iraq. ,3
added ,3
along ,3
change ,3
brilliant ,3
elect ,3
behalf ,3
making ,3
listen. ,3
remember ,3
year, ,3
year. ,3
name ,3
domain ,3
living ,3
earlier ,3
massive ,3
open ,3
legally ,3
future ,3
destroy ,3
paid ,3
considered ,3
clinton, ,3
defeating ,3
something, ,3
nuclear ,3
gulf ,3
scalia. ,3
cannot ,3
disparage ,3
parent ,3
doing. ,3
undermine ,3
want. ,3
save ,3
wants ,3
might ,3
life. ,3
alright. ,3
solve ,3
carolinians ,3
treatment ,3
tax, ,3
read ,3
action. ,3
all. ,3
nice ,3
thinks ,3
out. ,3
you? ,3
proposal ,3
again ,3
building ,3
calls ,3
wife ,3
month ,3
welfare ,3
talks ,3
kasich. ,3
difference ,3
border, ,3
him, ,3
policies ,3
vladimir ,3
(ph) ,3
plan, ,3
administration ,3
soon ,3
held ,3
course, ,3
fine. ,3
also, ,3
deals ,3
america. ,3
health ,3
mexico. ,3
leading ,3
done ,3
family. ,3
least ,3
first. ,3
bank ,3
democrats, ,3
supposed ,3
gall ,3
majority ,3
domain. ,3
yeah. ,3
weigh ,3
particularly ,3
$5 ,3
seconds, ,3
hit ,3
arm ,3
immigration. ,3
years, ,3
probably ,3
foreign ,3
whole ,3
there, ,3
described ,3
threaten ,3
success. ,3
fund ,3
income. ,3
voters ,3
rid ,3
person ,3
jobs, ,3
jobs. ,3
senate. ,3
we, ,3
ourselves ,3
russia, ,3
line ,3
cure ,3
politicians ,3
problems ,3
moon ,3
issues ,3
send ,3
issues. ,3
entire ,3
car ,3
safe, ,3
amnesty. ,3
taxes. ,3
few ,3
hard. ,3
closing ,3
high ,3
carrier ,3
reagan. ,3
gone. ,3
lines ,3
happen, ,3
interpreted ,3
2016 ,3
truth ,3
families. ,3
society. ,3
regulatory ,3
additional ,3
allies ,3
carson. ,3
tonight ,3
border ,3
unless ,3
very, ,3
vacancy ,3
mean, ,3
means ,3
talking. ,3
are. ,3
control. ,3
europe ,3
favor ,3
decline. ,3
passing ,3
abortion. ,3
of. ,3
member ,3
speaker ,3
disagree ,3
justices. ,3
room. ,3
moment. ,3
immediately ,3
lose ,3
become ,3
amendment ,3
poverty. ,3
rubio-schumer ,3
garret: ,3
chance ,3
stakes ,3
court, ,3
court. ,3
assess ,3
crashed. ,3
conservative, ,3
children. ,3
44 ,3
again, ,3
yes. ,3
percent. ,3
reform, ,2
9/11 ,2
sorry ,2
solution ,2
tired ,2
donald, ,2
estimated ,2
contributed ,2
liberty ,2
told ,2
path ,2
aren't ,2
106 ,2
company, ,2
over. ,2
working. ,2
century ,2
wars ,2
hole ,2
off, ,2
off. ,2
containment ,2
provide ,2
win. ,2
answer ,2
replacing ,2
third ,2
green ,2
east, ,2
democratic ,2
school, ,2
consent ,2
fix ,2
, ,2
weeks ,2
in... ,2
economy, ,2
expect. ,2
interrupt ,2
senator, ,2
iran, ,2
chuck ,2
financial ,2
fairly ,2
driving ,2
is. ,2
starts ,2
loud ,2
size ,2
supporting. ,2
waste, ,2
power. ,2
percentage ,2
sure. ,2
collapse ,2
begins ,2
frankly ,2
rate, ,2
immigration, ,2
to, ,2
mind ,2
well. ,2
seem ,2
strength ,2
escalator ,2
do, ,2
point. ,2
though ,2
rich ,2
run. ,2
lies. ,2
countries ,2
twice ,2
delay. ,2
respond ,2
disaster ,2
obama. ,2
drawn ,2
borders, ,2
argue ,2
tough ,2
"you ,2
interest ,2
basic ,2
expected ,2
flexible ,2
families ,2
eastern ,2
personally ,2
presidency ,2
rests ,2
dying. ,2
"a ,2
experts ,2
yourself. ,2
thoughts ,2
corporate ,2
yours ,2
go... ,2
feet, ,2
univision ,2
break. ,2
secure ,2
(inaudible)... ,2
board ,2
fact. ,2
background ,2
states, ,2
justice. ,2
50 ,2
standing ,2
bottom ,2
comments ,2
pose ,2
undocumented ,2
afternoon ,2
right? ,2
accomplishments ,2
stage. ,2
of... ,2
ford ,2
scalia's ,2
wait, ,2
disgrace ,2
brother, ,2
reality ,2
enemies ,2
company ,2
hurt ,2
workers. ,2
together ,2
serious ,2
laws ,2
concept ,2
illegally. ,2
grateful ,2
skin ,2
paycheck. ,2
questions. ,2
choice ,2
word ,2
turns ,2
team ,2
running. ,2
surplus. ,2
domain, ,2
current ,2
international ,2
wait ,2
thirty ,2
major. ,2
verge ,2
crisis ,2
prove ,2
positive ,2
opposed ,2
kerry ,2
acceptable ,2
gentlemen, ,2
abortion ,2
growing ,2
journal. ,2
months ,2
heard ,2
saying, ,2
sharp ,2
bankrupt ,2
rubio ,2
reasoned ,2
listen, ,2
overall ,2
trump... ,2
nomination ,2
pass. ,2
a... ,2
shoes ,2
did, ,2
did. ,2
"value ,2
rescind ,2
guy. ,2
lies ,2
happen ,2
abdication ,2
ultimately ,2
growth? ,2
growth. ,2
across. ,2
questioning ,2
training ,2
language ,2
deck ,2
fast ,2
spanish ,2
millions ,2
white ,2
gives ,2
on. ,2
taxation ,2
15 ,2
16 ,2
$19 ,2
turned ,2
sad ,2
nominating ,2
law. ,2
objective ,2
knew ,2
especially ,2
average ,2
same. ,2
show ,2
truly ,2
vision ,2
declared ,2
concern ,2
man. ,2
down. ,2
according ,2
destabilized ,2
cleansing... ,2
allies, ,2
63 ,2
lot." ,2
borders ,2
former ,2
person. ,2
increased ,2
drug ,2
media ,2
"i ,2
putin ,2
been. ,2
break ,2
constitutional ,2
rest ,2
kill ,2
application ,2
kimberly ,2
want? ,2
action, ,2
listening ,2
sorry, ,2
kennedy ,2
facing ,2
served ,2
credit. ,2
images ,2
ohio. ,2
critical ,2
million. ,2
central ,2
always ,2
choice. ,2
two-thirds ,2
fraud ,2
are, ,2
"it's ,2
politically ,2
gone ,2
e-verify. ,2
fill ,2
10 ,2
"donald ,2
chris ,2
invest ,2
original ,2
chinese ,2
trillion, ,2
decisions ,2
causes ,2
referring ,2
liar. ,2
day, ,2
mother. ,2
talk, ,2
worst ,2
decide ,2
ten ,2
past ,2
answer, ,2
stood ,2
medicaid, ,2
hours ,2
operating ,2
experience ,2
action ,2
know. ,2
environment ,2
takes ,2
30-second ,2
controlling ,2
known ,2
town ,2
coalition ,2
sudden ,2
'88. ,2
nothing. ,2
history ,2
issue. ,2
rather ,2
health. ,2
advice ,2
state. ,2
lead. ,2
anti-poverty ,2
response ,2
committed ,2
"it ,2
20 ,2
already. ,2
truth, ,2
ukraine. ,2
great, ,2
fine, ,2
lie? ,2
rise, ,2
rise. ,2
generation ,2
haley ,2
language. ,2
oil ,2
are... ,2
earn, ,2
funding ,2
robert ,2
america, ,2
beginning ,2
threat ,2
syria ,2
hangs ,2
legalized ,2
wages ,2
guess ,2
guest ,2
gates, ,2
statement ,2
challenge ,2
first, ,2
employ ,2
$8 ,2
don, ,2
gotten ,2
easy. ,2
fines ,2
treated ,2
antonin ,2
ted, ,2
finding ,2
quote ,2
nothing ,2
approved ,2
understands ,2
security. ,2
security, ,2
attacking ,2
businesses ,2
fine ,2
impact ,2
citizenship. ,2
with? ,2
pretty ,2
double ,2
secondly, ,2
guys ,2
defense ,2
2.5 ,2
won ,2
creating ,2
lot. ,2
reverse ,2
leadership. ,2
kerry, ,2
threat, ,2
kerry. ,2
live. ,2
whatever ,2
election. ,2
sanders ,2
parents. ,2
away, ,2
conflict ,2
d.c. ,2
opinion ,2
safe ,2
obviously ,2
spend ,2
repealing ,2
workers ,2
case. ,2
unite ,2
destruction, ,2
destruction. ,2
essential ,2
understood ,2
annually ,2
decision ,2
400,000 ,2
per ,2
jimmy ,2
within ,2
concerned, ,2
profanity. ,2
adults ,2
influence ,2
home ,2
everybody, ,2
everybody. ,2
fixing ,2
backs ,2
regulations ,2
ago ,2
purposes. ,2
age ,2
politician, ,2
back, ,2
rates, ,2
yeah... ,2
having ,2
code ,2
lower ,2
crisis, ,2
putting ,2
bernie ,2
make. ,2
chicago ,2
find ,2
consistently ,2
healing ,2
shadows. ,2
danger ,2
oval ,2
consumption ,2
sort ,2
president? ,2
sir. ,2
purposes ,2
ok ,2
below ,2
us, ,2
control ,2
none. ,2
gains ,2
says, ,2
pair ,2
establishment ,2
watch ,2
lines, ,2
light ,2
war. ,2
negotiated ,2
winning ,2
world. ,2
world, ,2
future. ,2
mention ,2
kids ,2
announced ,2
to. ,2
conversation ,2
have. ,2
two, ,2
love, ,2
overwhelming ,2
experts. ,2
taken ,2
arc ,2
dollar ,2
europe, ,2
exchange. ,2
one, ,2
democrat ,2
credited ,2
hire ,2
ones ,2
follow-up. ,2
sorts ,2
candidate, ,2
anything. ,2
prayers ,2
humane ,2
institute, ,2
progress ,2
ends ,2
rules ,2
exist. ,2
heart ,2
jersey ,2
respect ,2
sense. ,2
liberals ,2
treat ,2
home. ,2
sales ,2
$22,500 ,2
false. ,2
though, ,2
though. ,2
of, ,2
party ,2
audience. ,2
judgment ,2
inherit. ,2
expand ,2
alright... ,2
paycheck ,2
position ,2
roberts. ,2
republic. ,2
jeff ,2
nato ,2
smart ,2
know... ,2
poor ,2
scared ,2
proper ,2
kinds ,2
before. ,2
focused ,2
garrett ,2
poverty, ,2
insults ,2
donald's ,2
strassel ,2
commitment ,2
billions ,2
promise ,2
place, ,2
place. ,2
conservative. ,2
fiscal ,2
stadium ,2
children, ,2
piece ,2
minutes ,2
instead ,2
truth... ,2
relates ,2
commander-in-chief ,2
philosophy, ,2
deporting ,2
incredible ,2
kurds, ,2
class ,2
america's ,2
somebody... ,2
incorrect. ,1
limited ,1
united. ,1
yellow ,1
jihad ,1
behind. ,1
reform? ,1
hate ,1
party, ,1
candidates. ,1
whose ,1
crises ,1
tweet ,1
pensions ,1
moment... ,1
up? ,1
voted ,1
otherwise, ,1
inhumane, ,1
mother's ,1
cia. ,1
rise ,1
aliens. ,1
toppling ,1
east. ,1
79. ,1
bringing ,1
nomination... ,1
angry. ,1
cause ,1
spanish). ,1
unrelated ,1
marco, ,1
marco. ,1
don't? ,1
straight ,1
vote. ,1
economy? ,1
limo... ,1
force ,1
jeb's ,1
others, ,1
please. ,1
change, ,1
century. ,1
prisons ,1
nature, ,1
religious ,1
4 ,1
understood. ,1
inherited. ,1
above ,1
increasing ,1
illnesses, ,1
matter." ,1
"planned ,1
votes ,1
hundreds ,1
backs. ,1
reported ,1
protection ,1
active ,1
less. ,1
generals ,1
worse. ,1
leaves ,1
light. ,1
reports ,1
adopt ,1
japan, ,1
prison, ,1
intrigue ,1
criticism ,1
fantastic ,1
molester. ,1
projection ,1
equipment, ,1
replace ,1
dishes? ,1
adult. ,1
hindsight ,1
speeches. ,1
total ,1
reply. ,1
bencarson.com ,1
family." ,1
unfunded ,1
concept, ,1
tail ,1
accommodation ,1
broken. ,1
therefore ,1
survive ,1
used. ,1
happening. ,1
city ,1
reign ,1
specific. ,1
berlin ,1
support, ,1
works." ,1
casualties ,1
garrett, ,1
join ,1
graham, ,1
u.s.-backed ,1
criticizing ,1
$44 ,1
example ,1
liability? ,1
threshold... ,1
egg, ,1
involve ,1
woman ,1
believer, ,1
hones ,1
far... ,1
around, ,1
disappearing, ,1
sitting ,1
tax." ,1
win, ,1
place ,1
appoint, ,1
somebody, ,1
somebody. ,1
both. ,1
side's ,1
poor? ,1
floated ,1
brag, ,1
criminals. ,1
appreciate ,1
here... ,1
wing ,1
reforming ,1
restriction ,1
belong ,1
commander-in- ,1
office ,1
correctness. ,1
innovative ,1
using, ,1
bombing ,1
fads ,1
then. ,1
died, ,1
personal ,1
highlights ,1
background, ,1
easier ,1
iowa ,1
pryor, ,1
governor... ,1
history, ,1
school ,1
history. ,1
woman." ,1
along? ,1
senator. ,1
shadows ,1
rhetoric ,1
week, ,1
week. ,1
bankrupt! ,1
filling ,1
victories ,1
daughters ,1
reasonable ,1
addicted ,1
higher ,1
side ,1
problems. ,1
shows. ,1
series ,1
diane ,1
principles ,1
campaign, ,1
carry ,1
assault. ,1
principled ,1
day? ,1
language... ,1
is? ,1
god ,1
washed ,1
forty ,1
interest. ,1
day. ,1
governors ,1
casinos ,1
interest, ,1
plan... ,1
...what ,1
turning ,1
built. ,1
standard ,1
principle, ,1
disputes ,1
formation ,1
struggle ,1
people's ,1
forcibly ,1
go, ,1
switch... ,1
groups. ,1
created ,1
voters, ,1
150% ,1
heading ,1
oppose ,1
pattern ,1
today's ,1
i, ,1
already ,1
economists ,1
rank ,1
hook ,1
waste. ,1
adopted ,1
lies." ,1
curing ,1
hood ,1
dysfunction ,1
awfully ,1
wants. ,1
made, ,1
engagement ,1
girls ,1
night, ,1
nation, ,1
needed ,1
confirming ,1
rates ,1
begin. ,1
wisdom ,1
2008, ,1
was, ,1
somewhat ,1
problems, ,1
texas, ,1
immigration? ,1
presidency, ,1
air, ,1
should. ,1
nations ,1
presidency? ,1
choosing." ,1
divisiveness ,1
feeling ,1
old. ,1
seminal ,1
bridge ,1
so. ,1
rattle ,1
heads. ,1
reassert ,1
formula ,1
lbj ,1
seek ,1
solution," ,1
laden ,1
rejections ,1
do? ,1
forbes ,1
pandemic, ,1
country... ,1
simplify ,1
senator... ,1
germany ,1
fast. ,1
bridges, ,1
see, ,1
policies, ,1
seconds. ,1
grip. ,1
force, ,1
medical ,1
subject. ,1
reputation ,1
learn... ,1
weakest ,1
scream ,1
bomb ,1
inspire ,1
asia-pacific ,1
retire ,1
solutions ,1
participate ,1
gore. ,1
explain ,1
schumer ,1
immigrants, ,1
understood, ,1
immigrants. ,1
conduct ,1
color, ,1
foremost ,1
bit, ,1
despite ,1
earn ,1
situation? ,1
guts. ,1
them? ,1
kid, ,1
modern ,1
unique. ,1
captures ,1
term? ,1
gone... ,1
judgement, ,1
disturbing ,1
term, ,1
has... ,1
best ,1
obama, ,1
game. ,1
game, ,1
school. ,1
yet ,1
arcane ,1
hopefully ,1
do... ,1
previous ,1
approach ,1
warrior ,1
men ,1
discussion. ,1
nature ,1
component ,1
crimes, ,1
boss ,1
pull ,1
essentially ,1
countries, ,1
countries. ,1
make... ,1
komani. ,1
"#gopdebate". ,1
critical, ,1
nikki ,1
character ,1
irresponsible ,1
spanish. ,1
wider ,1
loaded ,1
focused, ,1
quickly ,1
laws." ,1
now? ,1
commercials... ,1
threw ,1
website ,1
obamacare. ,1
administration, ,1
worker ,1
jordanians, ,1
worked ,1
applied ,1
sunni, ,1
islam. ,1
ask? ,1
lessen ,1
rightly, ,1
particular, ,1
balance ,1
flooding ,1
launched ,1
defending ,1
mexico ,1
character, ,1
campaigns, ,1
ii ,1
throat ,1
top, ,1
said. ,1
grown ,1
dad. ,1
isis... ,1
casualties. ,1
six... ,1
embarrassment. ,1
legalization, ,1
program. ,1
passed, ,1
european ,1
independent ,1
saddam ,1
declaring ,1
hang ,1
workforce ,1
hand ,1
kim ,1
would've ,1
1957. ,1
common-sense ,1
grow. ,1
quarter, ,1
listening, ,1
damage. ,1
thing. ,1
greatest ,1
hearts ,1
opinions ,1
birth ,1
...this ,1
quote: ,1
grades ,1
facts ,1
senate's ,1
teenaged ,1
instance ,1
regarded ,1
hay ,1
spread ,1
office? ,1
regulators, ,1
trimming ,1
sailors ,1
required. ,1
opinion, ,1
reversed. ,1
dangerous, ,1
remind ,1
justice, ,1
court's ,1
culture's ,1
easy ,1
somehow ,1
elderly ,1
born ,1
announced, ,1
harder, ,1
meaning. ,1
fantastic. ,1
speeches, ,1
tired... ,1
establish ,1
unprecedented. ,1
citizen, ,1
nato, ,1
core ,1
doctor... ,1
doesn't, ,1
losing ,1
post ,1
vat. ,1
chapter ,1
revenue. ,1
attacks ,1
citizens ,1
ensure ,1
hashtag, ,1
putin. ,1
managers ,1
difference? ,1
low, ,1
accommodate ,1
undermining ,1
peshmerga, ,1
for? ,1
balanced ,1
why? ,1
knowingly ,1
stage, ,1
crowd ,1
cancer. ,1
constantly ,1
booing) ,1
influencing ,1
authorized ,1
him.. ,1
fairness ,1
cetera. ,1
launching ,1
happy ,1
lowest ,1
offer ,1
politicians. ,1
$200 ,1
differences ,1
colleagues. ,1
strike ,1
cajole. ,1
what. ,1
appointee." ,1
what, ,1
true ,1
permit. ,1
deliberate, ,1
counsel ,1
responding ,1
friday ,1
unanimous ,1
wait. ,1
promises ,1
proud ,1
shia ,1
confirming. ,1
confirming, ,1
vulnerable. ,1
check ,1
agents. ,1
pipe ,1
faithful ,1
stake ,1
loosening ,1
role ,1
realize ,1
republican. ,1
felt ,1
irs. ,1
tonight. ,1
businessman ,1
authorities ,1
died ,1
guy.. ,1
happening ,1
tested ,1
konami ,1
loyal ,1
resolutions, ,1
document. ,1
incorrect, ,1
precedent ,1
managed ,1
remarkable ,1
whoever ,1
word. ,1
stay? ,1
pacts ,1
clerk. ,1
contributing ,1
certainly ,1
tariff ,1
promote ,1
special. ,1
wars. ,1
exchange, ,1
charge ,1
praised ,1
supporter ,1
turn, ,1
must ,1
agreed ,1
forth, ,1
"oh, ,1
theater, ,1
party. ,1
minute ,1
governments ,1
denounced ,1
poor, ,1
best, ,1
look... ,1
2004, ,1
spiritual ,1
group, ,1
else. ,1
sign ,1
colin ,1
chopping ,1
else? ,1
saw? ,1
uniform ,1
looking ,1
goes ,1
saw. ,1
order ,1
boost ,1
dust. ,1
understanding ,1
cuts, ,1
entertainer ,1
pause ,1
baseball ,1
$24,000 ,1
hadn't ,1
battling ,1
need... ,1
illegals, ,1
accomplished ,1
weird ,1
hostages ,1
myself, ,1
compare ,1
israel, ,1
for, ,1
saturday. ,1
flexibility ,1
relations, ,1
many, ,1
crime ,1
market ,1
wealth ,1
it'll ,1
believe, ,1
dictators, ,1
upheld ,1
enforced. ,1
recently. ,1
sessions ,1
afford ,1
gentlemen. ,1
three, ,1
beholden ,1
affect? ,1
originally ,1
believes ,1
win," ,1
hardest ,1
big, ,1
schumer, ,1
servant's ,1
figure ,1
predict ,1
expanding ,1
topic ,1
mouth. ,1
future? ,1
divided ,1
1 ,1
reserves, ,1
rose ,1
sword ,1
endorsement ,1
nose. ,1
pro-growth ,1
sector. ,1
$100 ,1
prisons, ,1
eighty ,1
moms. ,1
attacked... ,1
islamic ,1
status, ,1
date ,1
such ,1
unbelievably ,1
fundamentally, ,1
natural ,1
speak. ,1
maybe ,1
enemies, ,1
carson.com, ,1
switch ,1
paid. ,1
invests ,1
agencies, ,1
typical ,1
hands ,1
serving ,1
chance, ,1
record, ,1
course ,1
constitution... ,1
policy. ,1
mom. ,1
westerners ,1
years... ,1
blocked ,1
tore ,1
derive ,1
group ,1
cliff. ,1
months. ,1
he'd ,1
addresses? ,1
main ,1
decades ,1
parades ,1
medicare... ,1
civilian ,1
refineries ,1
interview ,1
said: ,1
term ,1
crises, ,1
had. ,1
trouble. ,1
soon, ,1
aware, ,1
rock ,1
$500 ,1
em ,1
significantly ,1
tripling ,1
advantage. ,1
adored, ,1
settle... ,1
persian ,1
entering ,1
et ,1
disabled. ,1
small, ,1
intended ,1
accomplish ,1
route, ,1
factory ,1
abide ,1
"you'll ,1
correct ,1
disaster. ,1
rebuilding ,1
unfair. ,1
unfair, ,1
challenge. ,1
kimberly, ,1
animals. ,1
november, ,1
obligation ,1
inevitable ,1
show, ,1
jeb! ,1
lindsey ,1
"we're ,1
u.n. ,1
charleston ,1
rumsfeld ,1
learning. ,1
anymore. ,1
revenue ,1
incorrect? ,1
sounds ,1
in-state ,1
necessarily ,1
level ,1
card, ,1
2 ,1
terrorists." ,1
lobbyists ,1
speaking ,1
"let ,1
"back ,1
wrongdoing ,1
american. ,1
much, ,1
stabilize ,1
buts ,1
"broke ,1
wide ,1
television ,1
12 ,1
effective ,1
$12 ,1
19 ,1
18 ,1
halls ,1
things: ,1
1. ,1
legalizing ,1
fortunately, ,1
fortunately. ,1
spent. ,1
stanley ,1
formula, ,1
law, ,1
programs, ,1
warriors ,1
ideas ,1
note ,1
equipment ,1
potential ,1
programs? ,1
heal ,1
ground, ,1
multiple ,1
normal ,1
arguing ,1
importantly ,1
stage's ,1
remarks ,1
taxation? ,1
nice. ,1
29 ,1
idea? ,1
forever ,1
strength, ,1
failure ,1
later ,1
steady ,1
clinton. ,1
something. ,1
haley. ,1
atlantic ,1
perch ,1
committee's ,1
fifty ,1
simply... ,1
isn't. ,1
nominations. ,1
liberman ,1
what... ,1
storms ,1
written ,1
impeached? ,1
irs ,1
seen. ,1
impeached. ,1
usual, ,1
robo-calls ,1
simplistic ,1
conjunction ,1
creators, ,1
next. ,1
jeb, ,1
jeb. ,1
happy, ,1
friends. ,1
crazy, ,1
hour ,1
$3 ,1
job? ,1
hurt. ,1
reign, ,1
college ,1
approval, ,1
job. ,1
sport ,1
"part ,1
come, ,1
come. ,1
mortgage ,1
date? ,1
enjoys ,1
date, ,1
motivation, ,1
travels ,1
notice ,1
appointees, ,1
outrageous. ,1
doing, ,1
blame ,1
article ,1
killing ,1
reaction ,1
check, ,1
way? ,1
embarrassment ,1
gains. ,1
marriage, ,1
unforeseen ,1
site, ,1
"for ,1
duty ,1
solving ,1
drugs. ,1
allies. ,1
60 ,1
couldn't ,1
exist, ,1
jailing ,1
want, ,1
supported... ,1
50, ,1
wrong." ,1
migrants. ,1
cares ,1
hispanics. ,1
mark ,1
tropical ,1
doing? ,1
500 ,1
spending, ,1
offered ,1
wake ,1
matters. ,1
polls ,1
ally ,1
editorial ,1
estimates, ,1
care. ,1
optimism. ,1
orientation ,1
sessions, ,1
undercut ,1
weapon. ,1
embrace ,1
maureen, ,1
return ,1
person? ,1
retribution. ,1
combination ,1
$22 ,1
it." ,1
speech ,1
charge. ,1
crimea, ,1
struggling ,1
sold. ,1
engage, ,1
nest ,1
driven ,1
been, ,1
totally ,1
mentally ,1
studied, ,1
tracking ,1
adjudicate ,1
responsibilities." ,1
way... ,1
accountable ,1
threaten, ,1
model ,1
tremendous. ,1
toughness. ,1
non-starter. ,1
citizenship, ,1
certain. ,1
young ,1
schools ,1
civilized ,1
kasich ,1
touch ,1
assess... ,1
isis? ,1
aspect, ,1
speed ,1
blow ,1
announcement ,1
everyone's ,1
overruling ,1
wife, ,1
unify ,1
note, ,1
1986. ,1
tax" ,1
bankrupt, ,1
mccain ,1
lady ,1
ruled ,1
postcard ,1
brooks, ,1
maker ,1
tower ,1
iran's ,1
hero. ,1
burdens ,1
existing ,1
four. ,1
members. ,1
done, ,1
ohio, ,1
booming ,1
explode ,1
confirm ,1
attacks, ,1
formula. ,1
exit ,1
crying. ,1
think. ,1
think, ,1
welcome ,1
twice, ,1
does, ,1
dictators ,1
tuition ,1
assemble ,1
burden. ,1
executives ,1
rough... ,1
industry ,1
favorite ,1
drag ,1
addition ,1
wolf ,1
liabilities. ,1
bond ,1
out, ,1
win." ,1
"they," ,1
approach. ,1
strike, ,1
determine ,1
parties ,1
conceptually ,1
dirt. ,1
flat. ,1
her ,1
profanities ,1
abuse, ,1
removing ,1
abuse. ,1
cato ,1
strict ,1
exceptional ,1
combined ,1
house. ,1
regard ,1
engagements. ,1
ended ,1
hurricanes ,1
lobbyists. ,1
'87. ,1
protest, ,1
land. ,1
faster ,1
rush ,1
monday, ,1
instances, ,1
brother's ,1
embed ,1
strongly ,1
citizenship ,1
has, ,1
describe ,1
moved ,1
al ,1
viability, ,1
lifetime ,1
politician. ,1
7.7 ,1
spends ,1
amendments ,1
beyond ,1
deserve ,1
4.9 ,1
abolish ,1
website, ,1
website. ,1
sub-agencies. ,1
thousand ,1
walk. ,1
commercial. ,1
itself. ,1
she's ,1
video, ,1
ads, ,1
video. ,1
applause ,1
controlled ,1
unmitigated ,1
purposes; ,1
$3, ,1
evenly ,1
starting ,1
managers. ,1
consider ,1
instincts ,1
lack ,1
none ,1
son. ,1
pictures. ,1
really, ,1
meant. ,1
tv ,1
liar, ,1
pledged ,1
territory, ,1
territory. ,1
decision. ,1
the... ,1
decision, ,1
arabs. ,1
everyone. ,1
d.c., ,1
aware ,1
revolving ,1
carter. ,1
illustrated ,1
carter, ,1
washing ,1
list ,1
insufficiently ,1
large ,1
overseas. ,1
along. ,1
blitzer, ,1
kim? ,1
negotiator ,1
design ,1
further ,1
choices ,1
investment ,1
digits. ,1
abe ,1
stalin ,1
investing ,1
seen, ,1
medicaid. ,1
deals. ,1
jurist ,1
full ,1
liberties." ,1
42 ,1
lobbyist ,1
heller ,1
nation's ,1
sunni-shia ,1
tragedy ,1
substance ,1
ahead ,1
allows ,1
appointments ,1
amount ,1
belgium, ,1
sealing ,1
apologize. ,1
authorize ,1
politicians, ,1
liar." ,1
deal, ,1
passes. ,1
legislator ,1
$5... ,1
donuts ,1
objectives ,1
started, ,1
debate, ,1
lowering ,1
iowa. ,1
individuals, ,1
operators ,1
inherited, ,1
basically ,1
particular ,1
be... ,1
glad ,1
keeping ,1
questions, ,1
debates ,1
correspondent, ,1
policemen ,1
morgan ,1
knocked ,1
beautiful ,1
disgrace, ,1
level... ,1
final ,1
strassel, ,1
numbers ,1
shia, ,1
huge ,1
goal ,1
imminent ,1
plans ,1
cajole ,1
hottest ,1
idea, ,1
never. ,1
criticism. ,1
properly. ,1
faced. ,1
solved. ,1
genius, ,1
blood ,1
goals. ,1
civilization, ,1
confirmed. ,1
presidents. ,1
issue? ,1
fundamental ,1
dream ,1
scalia... ,1
"if ,1
mcconnell, ,1
pattern, ,1
hell ,1
jeez, ,1
disagreed ,1
lifestyle. ,1
taxpayer ,1
clam, ,1
obergefell ,1
course. ,1
fair. ,1
unity, ,1
occasion, ,1
full, ,1
thinking. ,1
important... ,1
by... ,1
reflected ,1
great. ,1
payer ,1
fully ,1
philosophical ,1
tear ,1
thing." ,1
twice. ,1
found ,1
disagree? ,1
somewhat, ,1
grandchildren. ,1
mental ,1
house, ,1
roof. ,1
economy's ,1
defund ,1
viability ,1
$3.2 ,1
longtime ,1
benefit, ,1
fled ,1
responsible, ,1
responsible. ,1
ok... ,1
sparked ,1
kato, ,1
reason ,1
conditioning ,1
enrollment ,1
finland ,1
success ,1
enforce ,1
over-staying ,1
consequence ,1
zika. ,1
government's ,1
approach? ,1
feed ,1
just, ,1
radical ,1
doctor. ,1
traveled ,1
feet ,1
sequester ,1
general ,1
laughable, ,1
bleeped ,1
power? ,1
" ,1
risk. ,1
threatening ,1
dealing ,1
hundred ,1
recovered ,1
listed ,1
selling ,1
passed ,1
self-funding. ,1
$9 ,1
2012, ,1
forward, ,1
king ,1
decided ,1
iranian ,1
democrats. ,1
illegals ,1
determined ,1
democrats' ,1
filibuster ,1
declare ,1
priority ,1
deciding ,1
engagement, ,1
infrastructure. ,1
service, ,1
strengthen ,1
experience, ,1
consensus, ,1
huh? ,1
orders ,1
sell ,1
built ,1
zero ,1
self ,1
recognizing ,1
appellate ,1
donor ,1
understand. ,1
else... ,1
towards ,1
bush-- ,1
fight? ,1
hired ,1
fight, ,1
significant ,1
judiciary. ,1
rating. ,1
lying ,1
joining ,1
sector ,1
gdp ,1
say... ,1
rebels ,1
defended ,1
carefully ,1
enemy. ,1
giant. ,1
offensive ,1
destabilize ,1
joseph ,1
cuba ,1
finish.... ,1
15... ,1
headline. ,1
flowing ,1
wrong," ,1
longest ,1
glossing ,1
sunni ,1
enemy ,1
resolve ,1
fortas ,1
freedom. ,1
violent ,1
remove ,1
regulations. ,1
poisoned ,1
approaching ,1
city. ,1
collateral ,1
response? ,1
uses ,1
statements. ,1
response. ,1
close ,1
response, ,1
expert ,1
mine ,1
burned ,1
liberty, ,1
after, ,1
korea ,1
days. ,1
ranked ,1
politics. ,1
opposition ,1
sykes, ,1
self-funder. ,1
obamacare's ,1
21st ,1
annual ,1
second-largest ,1
spirit, ,1
fine... ,1
coalition, ,1
race, ,1
pack. ,1
bench ,1
strategy ,1
ran ,1
election, ,1
dropping ,1
struggling. ,1
struggling, ,1
territory ,1
entitlements. ,1
ram ,1
nabisco ,1
like, ,1
remark ,1
resisted ,1
deport ,1
georgia ,1
conception ,1
beauty. ,1
"do ,1
admire ,1
rapists, ,1
while ,1
reformed ,1
behavior ,1
shift ,1
mike) ,1
16th, ,1
larger ,1
hoping ,1
cents ,1
use, ,1
level, ,1
husband. ,1
rip ,1
itself ,1
lawyer. ,1
finish. ,1
clear. ,1
clear, ,1
normal, ,1
ambitions, ,1
solid. ,1
aleppo ,1
stimulated ,1
going... ,1
forgiveness ,1
so... ,1
temporary ,1
arena. ,1
comprehensive ,1
negotiate ,1
folks. ,1
changed, ,1
older ,1
limbaugh ,1
english, ,1
english. ,1
saudis, ,1
mom ,1
judgments ,1
ludicrous ,1
needs, ,1
difficulties ,1
lives, ,1
constitution, ,1
jihadists. ,1
unto ,1
addresses ,1
letting ,1
antipoverty ,1
shape. ,1
governmental ,1
parents ,1
someone... ,1
interests, ,1
surprised ,1
chairman ,1
bin ,1
adversaries ,1
insert ,1
judgement ,1
matters ,1
suffering ,1
judgment, ,1
you're... ,1
judgment. ,1
imposed ,1
violation, ,1
over-stayers, ,1
arthur ,1
point? ,1
privately ,1
1950's. ,1
impeach ,1
strongest ,1
bells ,1
growth." ,1
and/or ,1
women, ,1
women. ,1
just. ,1
stability. ,1
statement? ,1
senate," ,1
inclination ,1
example. ,1
fed ,1
diaz-balart ,1
refused ,1
works, ,1
step ,1
said... ,1
father, ,1
30. ,1
refuses ,1
lottery ,1
defunding ,1
screams, ,1
passionate ,1
weakness, ,1
underwear. ,1
democracy, ,1
reduced ,1
pro- ,1
congressman ,1
silence ,1
fight. ,1
russia? ,1
boy, ,1
osama ,1
appropriate ,1
primarily ,1
russia. ,1
pentagon ,1
credited... ,1
apparently ,1
pastor. ,1
vendors ,1
mistakes. ,1
forward ,1
proposing. ,1
opponent ,1
himself ,1
invite ,1
registered ,1
john. ,1
elected, ,1
principles. ,1
ands ,1
highlight ,1
similar ,1
grandkids. ,1
side. ,1
constant ,1
regulation, ,1
france, ,1
rally ,1
you-know- ,1
result... ,1
marcorubio.com. ,1
amounts ,1
name. ,1
forge ,1
embroiled. ,1
before, ,1
draw ,1
backbone ,1
does. ,1
meaning ,1
allowing ,1
utterly ,1
prepares ,1
2014, ,1
night ,1
land ,1
practically ,1
tubes ,1
required ,1
walked ,1
woman's' ,1
rates. ,1
requires ,1
ifs, ,1
flaw? ,1
have... ,1
dissent, ,1
rules. ,1
steve ,1
strongly. ,1
immigration... ,1
"to ,1
seemed ,1
effort ,1
assad? ,1
red. ,1
senators ,1
quickly. ,1
stable ,1
crisis. ,1
assad. ,1
assad, ,1
metaphors ,1
breathing ,1
seized ,1
nationsclear. ,1
pro-family ,1
result, ,1
magic ,1
respectful ,1
transmission ,1
compassionate ,1
underscores ,1
ryan ,1
race ,1
september? ,1
mistake." ,1
quoting ,1
concluded ,1
objective. ,1
yourself ,1
shadows? ,1
boots ,1
video ,1
picked ,1
safe? ,1
china, ,1
laws. ,1
china. ,1
office, ,1
make, ,1
apparatus ,1
giving ,1
fat ,1
1400 ,1
twitter. ,1
degree ,1
personal. ,1
commercial ,1
punch ,1
with. ,1
bench, ,1
everything, ,1
legislatively ,1
entry- ,1
ukraine ,1
talent ,1
firm, ,1
36 ,1
engine ,1
645 ,1
weren't ,1
normally, ,1
run; ,1
homes. ,1
campaigning. ,1
names ,1
become, ,1
duck ,1
ninth ,1
chilly ,1
tools ,1
pendleton, ,1
ridiculous... ,1
average, ,1
"we ,1
doubt ,1
weakness? ,1
doubling ,1
(speaking ,1
started ,1
name, ,1
equity ,1
executives, ,1
carrying ,1
trained, ,1
tearing ,1
women ,1
oil, ,1
oil. ,1
wars, ,1
anywhere ,1
remarks. ,1
owners, ,1
far, ,1
christie, ,1
(off ,1
trumped ,1
chief. ,1
chief, ,1
effectively ,1
reserves ,1
building, ,1
class, ,1
lame ,1
six ,1
break, ,1
lied. ,1
lied, ,1
medicare ,1
"shameful ,1
stock ,1
18. ,1
demonstrating ,1
ethnic ,1
fits ,1
deficits? ,1
region, ,1
road ,1
liberties? ,1
says. ,1
hand, ,1
liberals. ,1
2017. ,1
invitation. ,1
shreds ,1
growing. ,1
write ,1
important, ,1
important. ,1
dispose ,1
world? ,1
permanent ,1
'87... ,1
choose ,1
happened. ,1
analysts ,1
runs ,1
denigrate ,1
cutting ,1
soldiers, ,1
ambition ,1
flourish, ,1
handy ,1
presidential ,1
gassed ,1
break... ,1
reid. ,1
bills ,1
true. ,1
conflict, ,1
globe ,1
product ,1
related ,1
stand? ,1
tenth ,1
defend ,1
steady, ,1
carson... ,1
$15 ,1
families, ,1
debt. ,1
creator." ,1
to... ,1
rubio... ,1
payroll ,1
"you." ,1
ill, ,1
york ,1
state, ,1
chaos. ,1
adjudicated ,1
flat, ,1
things, ,1
jobs." ,1
support? ,1
re- ,1
hussein ,1
phrased ,1
complete, ,1
efforts ,1
rescinding ,1
situations. ,1
economy. ,1
hey ,1
list. ,1
proposing ,1
patriotism ,1
called, ,1
instill ,1
legislative ,1
"that ,1
sadly ,1
be, ,1
non-partisan ,1
desk ,1
just... ,1
assad's ,1
conservatives. ,1
clinton's ,1
be? ,1
hearing, ,1
colleague, ,1
interests ,1
secure. ,1
blow, ,1
else." ,1
majority, ,1
manipulation ,1
branches ,1
wiser, ,1
institution ,1
later, ,1
news... ,1
abolishes ,1
roberts ,1
sweden ,1
can... ,1
lover ,1
rate ,1
distinguished ,1
bet ,1
gravest ,1
enforced ,1
sadly, ,1
partnership ,1
buy ,1
enforces ,1
comes. ,1
can't, ,1
east." ,1
viewed ,1
cards. ,1
"pathological," ,1
dishes ,1
inform ,1
mix ,1
concerns ,1
statements? ,1
debated, ,1
fortas. ,1
debt, ,1
nancy ,1
passionately ,1
healthcare, ,1
parenting ,1
visa ,1
finish, ,1
so-called ,1
800,000 ,1
mitch ,1
consequences ,1
stronger ,1
face ,1
russian- ,1
saying. ,1
wealth. ,1
procedure, ,1
fall, ,1
violation ,1
word, ,1
mean? ,1
development. ,1
fear ,1
eyes ,1
three... ,1
earned ,1
morality. ,1
controls ,1
team, ,1
expansion. ,1
expansion, ,1
marriage ,1
egyptians, ,1
iraq." ,1
meant ,1
sued ,1
handle ,1
carolina," ,1
listened ,1
marriage. ,1
700,000 ,1
bear ,1
pass, ,1
chapter, ,1
community ,1
vets, ,1
christie ,1
"which ,1
evolution ,1
follow-up, ,1
base. ,1
anything, ,1
extremists ,1
she ,1
levin ,1
won't ,1
mitch, ,1
liberals? ,1
accused ,1
desperate ,1
operated ,1
united... ,1
ground. ,1
parenthood ,1
attempting ,1
partisan ,1
36,000 ,1
hit? ,1
mind. ,1
closed ,1
horrible ,1
ebola ,1
(mix ,1
ability ,1
merit. ,1
agencies ,1
implementing ,1
approval ,1
praying ,1
nominee, ,1
profanity ,1
cruzl ,1
attributed ,1
assure ,1
nominee? ,1
interesting ,1
vietnam, ,1
detailed ,1
decline, ,1
wonder ,1
walk ,1
numbers. ,1
interrupt, ,1
together, ,1
done. ,1
aaa ,1
ringing, ,1
"shall ,1
willing ,1
degrees ,1
bush's ,1
rich. ,1
partial ,1
define ,1
judges, ,1
conservatism. ,1
bulk ,1
overturn ,1
kids. ,1
from... ,1
divisions ,1
continues. ,1
unlike ,1
felony," ,1
tankers, ,1
value ,1
liberal. ,1
respond, ,1
2013 ,1
will. ,1
led. ,1
scholar. ,1
happened, ,1
iran... ,1
almost ,1
dissent ,1
recrimination. ,1
sad, ,1
violating ,1
union, ,1
shame. ,1
partner ,1
1977. ,1
greater ,1
appropriate. ,1
views ,1
connected. ,1
brag ,1
4.4 ,1
effect ,1
compared ,1
high-rollers ,1
student ,1
britain. ,1
powell, ,1
destruction ,1
get. ,1
records ,1
"life ,1
flexible. ,1
incentives, ,1
sets ,1
top. ,1
restore ,1
arming ,1
enemy, ,1
less ,1
1,100 ,1
bottom. ,1
justices? ,1
protecting ,1
paul ,1
test. ,1
web ,1
work, ,1
28, ,1
payment. ,1
$2.5 ,1
lose. ,1
defeated. ,1
citizen ,1
loan ,1
surprised. ,1
came, ,1
...that ,1
women's ,1
who's ,1
mistake, ,1
pants ,1
reasonable, ,1
burden ,1
moment, ,1
wrong, ,1
rights? ,1
loss ,1
issues, ,1
necessary ,1
loser ,1
highways. ,1
cruz? ,1
refugees ,1
offshore. ,1
alive ,1
supportive ,1
happens ,1
accurate. ,1
throughout ,1
monday ,1
lead ,1
literally ,1
constitutionalists ,1
five, ,1
african-americans. ,1
nuts? ,1
reaching ,1
journal ,1
hey, ,1
nuts, ,1
nuts. ,1
asinine ,1
worthy ,1
life... ,1
tedcruz.org. ,1
december, ,1
purist ,1
happen? ,1
mine. ,1
rodeo ,1
happen. ,1
outset ,1
deliver, ,1
socialists, ,1
visas. ,1
submits ,1
times. ,1
court? ,1
1986 ,1
minute, ,1
nomination, ,1
nomination. ,1
pelosi ,1
noticed ,1
inner ,1
nomination? ,1
wages, ,1
breeding ,1
vat ,1
2.5, ,1
appointing ,1
north ,1
funds ,1
republicans. ,1
blaming ,1
pixie ,1
billion. ,1
goals ,1
religious, ,1
highest ,1
"liar, ,1
announcement, ,1
commit ,1
cruel ,1
limit ,1
someone. ,1
this? ,1
private, ,1
preaching ,1
contribute ,1
gospel. ,1
is... ,1
arms. ,1
subjects. ,1
mosaic. ,1
workers... ,1
attacked ,1
40 ,1
finish ,1
book ,1
reinvigorating ,1
primary. ,1
primary, ,1
news' ,1
illegally ,1
june ,1
heroes, ,1
deter ,1
friends ,1
polls. ,1
percent, ,1
(inaudible). ,1
(inaudible), ,1
amendment, ,1
uniter, ,1
instability. ,1
lives ,1
"the ,1
news. ,1
businesses. ,1
